{
   "dashboards": [{
      "autoswitchEnabled": false,
      "columnCount": 1,
      "columnProportion": "1-1",
      "creationTime": 1663336282351,
      "dashboardNavigations": {},
      "description": "",
      "disabled": false,
      "gridsterMaxColumns": 12,
      "hidden": false,
      "homeTab": false,
      "id": "97954d49-cf90-4886-bdde-20b663b68d74",
      "importAttempts": 0,
      "importComplete": true,
      "lastUpdateTime": 1663745031514,
      "lastUpdateUserId": "9fd261fc-fe85-4f07-beb8-8f1510bce95f",
      "locked": false,
      "name": "_NSX-T DFW Metrics Overview",
      "rank": 0,
      "shared": false,
      "states": [{
         "key": "permDashboardTime_dashboard_97954d49-cf90-4886-bdde-20b663b68d74",
         "value": "o%3AdateRange%3Ds%253Alast24Hour%5EdateRangeText%3Ds%253A24H"
      }],
      "temporary": false,
      "userId": "9fd261fc-fe85-4f07-beb8-8f1510bce95f",
      "widgetInteractions": [
         {
            "type": "resourceId",
            "widgetIdProvider": "db60e9d5-f0c7-4343-bd86-4ebad4a03118",
            "widgetIdReceiver": "5c9a7743-59d9-4669-a93a-46d00ae943c0"
         },
         {
            "type": "resourceId",
            "widgetIdProvider": "09a48f39-5424-44aa-9faa-76c8eec32cd9",
            "widgetIdReceiver": "5661ff49-1329-4155-82c1-905ecfec870e"
         }
      ],
      "widgets": [
         {
            "collapsed": false,
            "config": {
               "additionalColumns": [],
               "barsCount": 15,
               "customFilter": {
                  "excludedResources": null,
                  "filter": [],
                  "includedResources": null
               },
               "depth": 10,
               "filterMode": "tagPicker",
               "filterOldMetrics": {"filterOldMetrics": false},
               "maxValue": 120000,
               "metric": {
                  "metricKey": "Custom Metrics|NSX DFW|Total DFW Rules applied",
                  "name": "Custom Metrics|NSX DFW|Total DFW Rules applied"
               },
               "metricName": "Total DFW Rules applied",
               "metricUnit": {
                  "metricUnitId": -1,
                  "metricUnitName": "Auto"
               },
               "mode": "all",
               "orangeBound": 100000,
               "percentileValue": null,
               "redBound": 120000,
               "refreshContent": {"refreshContent": true},
               "refreshInterval": 300,
               "regenerationTime": 60,
               "relationshipMode": {"relationshipMode": 0},
               "resource": [],
               "resourceKind": [{"id": "resourceKind:id:0_::_"}],
               "roundDecimals": 1,
               "selfProvider": {"selfProvider": true},
               "tagFilter": {
                  "path": ["/source/kind/kind:resourceKind:id:0_::_"],
                  "value": {
                     "adapterInstance": [],
                     "adapterKind": [],
                     "bus": [],
                     "collector": [],
                     "day": [],
                     "exclaim": false,
                     "healthRange": [],
                     "kind": ["resourceKind:id:0_::_"],
                     "maintenanceSchedule": [],
                     "state": [],
                     "status": [],
                     "tag": [],
                     "tier": []
                  }
               },
               "title": "Top-15 DFW Rules applied to Host",
               "topOption": "metricsHighestUtilization",
               "yellowBound": 90000
            },
            "gridsterCoords": {
               "h": 7,
               "w": 5,
               "x": 6,
               "y": 1
            },
            "height": 381,
            "id": "09a48f39-5424-44aa-9faa-76c8eec32cd9",
            "title": "Top-15 DFW Rules applied to Host",
            "type": "ParetoAnalysis"
         },
         {
            "collapsed": false,
            "config": {
               "additionalColumns": [],
               "barsCount": 15,
               "customFilter": {
                  "excludedResources": null,
                  "filter": [],
                  "includedResources": null
               },
               "depth": 1,
               "filterMode": "tagPicker",
               "filterOldMetrics": {"filterOldMetrics": false},
               "maxValue": 4000,
               "metric": {
                  "metricKey": "Custom Metrics|NSX DFW|DFW Rules applied on eth0",
                  "name": "Custom Metrics|NSX DFW|DFW Rules applied on eth0"
               },
               "metricName": "DFW Rules applied on vNIC0",
               "metricUnit": {
                  "metricUnitId": -1,
                  "metricUnitName": "Auto"
               },
               "mode": "all",
               "orangeBound": 3800,
               "percentileValue": null,
               "redBound": 4000,
               "refreshContent": {"refreshContent": true},
               "refreshInterval": 300,
               "regenerationTime": 60,
               "relationshipMode": {"relationshipMode": [
                  -1,
                  0
               ]},
               "resource": [],
               "resourceKind": [{"id": "resourceKind:id:1_::_"}],
               "roundDecimals": 1,
               "selfProvider": {"selfProvider": true},
               "tagFilter": {
                  "path": ["/source/kind/kind:resourceKind:id:1_::_"],
                  "value": {
                     "adapterInstance": [],
                     "adapterKind": [],
                     "bus": [],
                     "collector": [],
                     "day": [],
                     "exclaim": false,
                     "healthRange": [],
                     "kind": ["resourceKind:id:1_::_"],
                     "maintenanceSchedule": [],
                     "state": [],
                     "status": [],
                     "tag": [],
                     "tier": []
                  }
               },
               "title": "Top-15 DFW Rules applied to VM vNIC0",
               "topOption": "metricsHighestUtilization",
               "yellowBound": 3500
            },
            "gridsterCoords": {
               "h": 7,
               "w": 5,
               "x": 1,
               "y": 1
            },
            "height": 381,
            "id": "db60e9d5-f0c7-4343-bd86-4ebad4a03118",
            "title": "Top-15 DFW Rules applied to VM vNIC0",
            "type": "ParetoAnalysis"
         },
         {
            "collapsed": false,
            "config": {
               "customFilter": {
                  "excludedResources": null,
                  "filter": [],
                  "includedResources": null
               },
               "depth": 1,
               "metric": {
                  "mode": "resourceKind",
                  "resourceKindMetrics": [{
                     "colorMethod": 1,
                     "handleOldColoring": false,
                     "id": "extModel7850-1",
                     "isStringMetric": false,
                     "metricKey": "Custom Metrics|NSX DFW|DFW Rules applied on eth0",
                     "metricName": "Custom Metrics|NSX DFW|DFW Rules applied on eth0",
                     "metricUnitId": null,
                     "orangeBound": null,
                     "redBound": null,
                     "resourceKindId": "resourceKind:id:1_::_",
                     "resourceKindName": "Virtual Machine",
                     "unit": "",
                     "yellowBound": null
                  }],
                  "resourceMetrics": [],
                  "subMode": "resourceKindAll"
               },
               "refreshContent": {"refreshContent": false},
               "refreshInterval": 300,
               "relationshipMode": {"relationshipMode": 0},
               "resInteractionMode": null,
               "resource": [],
               "selfProvider": {"selfProvider": false},
               "title": "VM DFW Metrics"
            },
            "gridsterCoords": {
               "h": 5,
               "w": 5,
               "x": 1,
               "y": 8
            },
            "height": 267,
            "id": "5c9a7743-59d9-4669-a93a-46d00ae943c0",
            "states": [
               {
                  "key": "permBtn_zoomAllGraphs_permMetricChart_widget_97954d49-cf90-4886-bdde-20b663b68d74_5c9a7743-59d9-4669-a93a-46d00ae943c0",
                  "value": "b%3A0"
               },
               {
                  "key": "permDateRange1_permMetricChart_widget_97954d49-cf90-4886-bdde-20b663b68d74_5c9a7743-59d9-4669-a93a-46d00ae943c0",
                  "value": "s%3A%7B%22dateRange%22%3A%22dashboardTime%22%2C%22dateFrom%22%3Anull%2C%22dateTo%22%3Anull%2C%22timeFrom%22%3Anull%2C%22timeTo%22%3Anull%7D"
               },
               {
                  "key": "permMetricChart_widget_97954d49-cf90-4886-bdde-20b663b68d74_5c9a7743-59d9-4669-a93a-46d00ae943c0",
                  "value": "o%3A"
               },
               {
                  "key": "permBtn_pan_permMetricChart_widget_97954d49-cf90-4886-bdde-20b663b68d74_5c9a7743-59d9-4669-a93a-46d00ae943c0",
                  "value": "b%3A0"
               }
            ],
            "title": "VM DFW Metrics",
            "type": "MetricChart"
         },
         {
            "collapsed": false,
            "config": {
               "customFilter": {
                  "excludedResources": null,
                  "filter": [],
                  "includedResources": null
               },
               "depth": 1,
               "metric": {
                  "mode": "resourceKind",
                  "resourceKindMetrics": [
                     {
                        "colorMethod": 2,
                        "handleOldColoring": false,
                        "id": "extModel9209-1",
                        "isStringMetric": false,
                        "metricKey": "Custom Metrics|NSX DFW|Total DFW Rules applied",
                        "metricName": "Custom Metrics|NSX DFW|Total DFW Rules applied",
                        "orangeBound": null,
                        "redBound": null,
                        "resourceKindId": "resourceKind:id:0_::_",
                        "resourceKindName": "Host System",
                        "yellowBound": null
                     },
                     {
                        "colorMethod": 2,
                        "handleOldColoring": false,
                        "id": "extModel9209-2",
                        "isStringMetric": false,
                        "metricKey": "Custom Metrics|NSX DFW|DFW Heap Usage of vsip-module (%)",
                        "metricName": "Custom Metrics|NSX DFW|DFW Heap Usage of vsip-module (%)",
                        "orangeBound": null,
                        "redBound": null,
                        "resourceKindId": "resourceKind:id:0_::_",
                        "resourceKindName": "Host System",
                        "yellowBound": null
                     },
                     {
                        "colorMethod": 2,
                        "handleOldColoring": false,
                        "id": "extModel9209-3",
                        "isStringMetric": false,
                        "metricKey": "Custom Metrics|NSX DFW|DFW Heap Usage of vsip-state (%)",
                        "metricName": "Custom Metrics|NSX DFW|DFW Heap Usage of vsip-state (%)",
                        "orangeBound": null,
                        "redBound": null,
                        "resourceKindId": "resourceKind:id:0_::_",
                        "resourceKindName": "Host System",
                        "yellowBound": null
                     },
                     {
                        "colorMethod": 2,
                        "handleOldColoring": false,
                        "id": "extModel9209-4",
                        "isStringMetric": false,
                        "metricKey": "Custom Metrics|NSX DFW|DFW Heap Usage of vsip-rules (%)",
                        "metricName": "Custom Metrics|NSX DFW|DFW Heap Usage of vsip-rules (%)",
                        "orangeBound": null,
                        "redBound": null,
                        "resourceKindId": "resourceKind:id:0_::_",
                        "resourceKindName": "Host System",
                        "yellowBound": null
                     }
                  ],
                  "resourceMetrics": [],
                  "subMode": "resourceKindAll"
               },
               "refreshContent": {"refreshContent": false},
               "refreshInterval": 300,
               "relationshipMode": {"relationshipMode": 0},
               "resInteractionMode": null,
               "resource": [],
               "selfProvider": {"selfProvider": false},
               "title": "Host DFW Metrics"
            },
            "gridsterCoords": {
               "h": 5,
               "w": 5,
               "x": 6,
               "y": 8
            },
            "height": 267,
            "id": "5661ff49-1329-4155-82c1-905ecfec870e",
            "states": [
               {
                  "key": "permDateRange1_permMetricChart_widget_97954d49-cf90-4886-bdde-20b663b68d74_5661ff49-1329-4155-82c1-905ecfec870e",
                  "value": "s%3A%7B%22dateRange%22%3A%22dashboardTime%22%2C%22dateFrom%22%3Anull%2C%22dateTo%22%3Anull%2C%22timeFrom%22%3Anull%2C%22timeTo%22%3Anull%7D"
               },
               {
                  "key": "permMetricChart_widget_97954d49-cf90-4886-bdde-20b663b68d74_5661ff49-1329-4155-82c1-905ecfec870e",
                  "value": "o%3A"
               },
               {
                  "key": "permBtn_pan_permMetricChart_widget_97954d49-cf90-4886-bdde-20b663b68d74_5661ff49-1329-4155-82c1-905ecfec870e",
                  "value": "b%3A0"
               },
               {
                  "key": "permBtn_zoomAllGraphs_permMetricChart_widget_97954d49-cf90-4886-bdde-20b663b68d74_5661ff49-1329-4155-82c1-905ecfec870e",
                  "value": "b%3A0"
               }
            ],
            "title": "Host DFW Metrics",
            "type": "MetricChart"
         }
      ]
   }],
   "entries": {"resourceKind": [
      {
         "adapterKindKey": "VMWARE",
         "internalId": "resourceKind:id:0_::_",
         "resourceKindKey": "HostSystem"
      },
      {
         "adapterKindKey": "VMWARE",
         "internalId": "resourceKind:id:1_::_",
         "resourceKindKey": "VirtualMachine"
      }
   ]},
   "uuid": "3696e3ec-a063-46e8-beae-e05b2cf05f1c"
}